ts_id,model,avg_mape
C1038,ARIMA,0.19906488179521625
C2716,ARIMA,0.05174850243711606
C6022,drift,0.25085583199553857
